,0,1,2,3,4,5,6,7,8,9,10,11,12,13,14,15,16,17,18,19,20,21,22,23,24,25,26,27,28,29,0,1,2,3,4,5,6,7,8,9,10,11,12,13,14,15,16,17,18,19,20,21,22,23,24,25,26,27,28,29,0,1,2,3,4,5,6,7,8,9,10,11,12,13,14,15,16,17,18,19,20,21,22,23,24,25,26,27,28,29,30,31,32,33,34,35,36,37,38,39
01_ai_yi_34b_one_shot,3684,1431,3743,653,349,3481,163,20,34,3618,3694,61,3743,3676,3723,9,77,59,12,3702,3658,3630,3739,689,15,3744,48,37,3375,373,3788,149,3706,3724,3730,3721,157,3697,92,3049,705,4,2080,106,30,385,11,16,3548,3241,85,439,221,376,130,30,1274,195,3721,17,2971,490,60,192,19,92,3742,105,418,1151,143,3602,41,309,416,751,61,77,17,3678,19,241,7,713,3745,37,198,7,3703,156,4,151,950,3717,2506,3602,3731,1889,39,234
01_ai_yi_34b_zero_shot,3824,140,2,3874,78,63,27,145,67,36,152,724,3910,39,720,42,94,3869,3738,3899,50,167,351,40,42,1253,380,151,3514,95,683,140,3844,110,56,3876,593,11,3850,3309,76,3841,750,3807,3879,3863,191,27,43,52,15,344,67,336,284,545,14,3832,17,104,357,18,32,740,135,3923,33,897,77,3828,22,129,3894,20,632,3806,3838,60,3873,342,279,357,3836,3803,451,900,182,3921,500,3862,326,209,236,34,439,38,2241,420,3883,3519
huggingfacetb_smollm3_3b_one_shot,1144,2848,18,3,3,1495,648,3806,415,3,9,1129,10238,174,9761,16,535,989,3001,696,79,1211,884,12,1407,461,72,421,10207,757,384,866,10235,15,417,3,1604,849,145,28,211,661,1137,334,17,1956,894,531,679,95,65,986,347,1039,162,418,626,959,788,10226,3,10214,10241,35,583,570,10240,2422,3,2209,10241,126,669,2357,666,302,3,16,791,701,652,3,1323,1104,806,710,4480,673,10241,1326,493,104,48,229,10220,455,413,752,12,138
huggingfacetb_smollm3_3b_zero_shot,591,1074,695,759,10240,794,1123,551,794,708,871,511,702,1319,1456,882,579,1433,2300,2599,741,614,127,1624,1566,865,151,1342,523,242,466,912,1162,740,3,2830,10238,1258,1582,883,1630,1213,944,2157,1130,2617,982,731,10240,980,3,621,682,813,10240,1372,2582,2478,1047,932,421,953,340,10,917,772,1246,10233,2480,769,1201,2141,962,2739,590,579,304,567,364,554,6,784,504,1456,1696,1630,1757,14,509,860,332,6,1529,397,262,347,616,705,398,587
lgai_exaone_exaone_4.0.1_32b_one_shot,2880,10241,10241,10241,4683,9991,4729,3637,1974,1563,2703,2249,10239,10241,6801,10241,10241,10241,10241,7624,1031,3602,10238,6406,2390,773,2448,5855,10239,10241,1220,10241,1003,2203,10219,1978,10237,10066,10239,10241,10240,10240,3323,10238,4303,10241,1232,10241,2014,3609,4216,10239,10241,5228,10241,6401,10241,10239,10239,10241,345,509,555,639,4375,1206,10238,10241,7530,562,6071,2364,7015,10240,6965,2161,1910,429,10241,793,10241,1740,671,3062,1876,1630,1825,3313,10238,10241,470,10241,10241,712,439,953,2482,2243,10239,4436
lgai_exaone_exaone_4.0.1_32b_zero_shot,1604,10239,10239,545,5603,5435,1483,2352,1963,651,10239,1519,3369,10241,6777,14,892,8143,7581,1327,1385,2977,10239,10236,11,10239,10236,6109,13,2698,612,1733,754,692,1166,2112,10238,10239,8738,8262,10241,3585,10239,10239,10241,1846,4601,10240,10239,3804,10241,10241,752,1414,10239,591,10240,1688,10239,10238,57,438,408,700,4006,10241,2606,2001,2383,650,10150,10241,2228,10239,10239,10239,636,504,1816,879,3760,842,394,1714,2322,795,1298,2293,3379,10240,442,7810,10241,135,272,408,8240,1671,10239,10238
llm360_k2_think_one_shot,2473,10241,10241,10241,10241,7583,10241,3101,5999,2353,10241,4724,4494,10241,3117,4522,10241,10241,8110,7107,10241,10241,7431,3710,4014,10241,4527,10240,10241,10241,2774,10241,3266,5616,9963,3088,10241,4727,8715,10241,10241,10241,10241,10241,10242,3167,2526,10241,7217,10241,8793,9813,10241,9907,10241,10241,9482,10240,10241,10240,466,1157,986,4396,3950,2087,10145,9921,7208,1882,6927,10241,10129,10241,4492,4771,1690,2343,10088,1086,10241,2155,1189,3161,3816,2942,2426,10241,4183,2619,1226,10241,8809,1072,505,6075,9141,4828,3388,8942
llm360_k2_think_zero_shot,2481,13,10241,10241,6583,4926,10241,5450,6212,1562,10241,4800,3378,10241,5856,3875,13,10241,10241,8933,10241,13,7675,5060,3364,13,5024,10240,10241,13,2227,10107,3137,5175,7490,3848,10241,4196,10241,10241,10241,10241,13,13,10241,2089,1857,10241,4462,10241,8232,8298,10241,8126,10241,9683,6350,10241,9437,10241,6671,1144,1053,2310,4475,3275,7414,4190,6366,1909,5275,8327,6747,7408,4404,7975,1465,1429,10241,1161,10241,2068,1061,3130,4087,1612,1687,9065,6194,3574,1090,10241,5556,933,689,6105,8090,3092,3705,6925
qwen_qwq_32b_one_shot,3441,10240,10240,10241,10240,10225,10240,8594,10233,10232,9995,10212,10173,10237,10241,10235,10234,10241,10240,10233,10240,10241,10233,5381,9877,10240,4410,7379,10241,10241,10232,10239,10233,7023,10124,10232,10240,3744,10240,10238,10241,10240,10240,10239,10239,6086,10241,10241,9693,10241,6536,10160,10240,9954,7207,10240,10231,10241,10109,10237,10233,10230,1131,10233,4826,3713,10209,10231,10232,10082,9850,7133,10239,10241,10008,10232,10236,3286,10240,1243,10240,1897,3161,4207,10232,10090,3307,10240,10236,10231,1772,10240,10234,1740,949,10236,10233,6506,5058,10240
qwen_qwq_32b_zero_shot,10143,10241,10241,10241,9932,6364,10239,10239,6603,3946,10240,10234,9539,10239,8557,4042,8067,10241,6156,10235,10241,10241,9739,10238,10191,10240,10089,10241,8,10241,2795,10239,6019,10040,10241,10166,10241,5257,10241,10239,10240,10240,1948,10241,10241,10236,10238,10241,6097,10237,10240,5631,10239,9993,10239,10241,10046,10241,10239,10239,806,3604,9968,2663,10227,1681,8773,9925,8889,10229,10230,10238,4156,10241,10096,5951,10234,2719,10241,1618,10241,3776,1159,3855,6978,3025,767,10240,10233,4561,9972,2324,9297,10231,403,10240,6624,9969,10091,10240
qwen_qwen1.5_32b_one_shot,833,562,983,1995,10,1464,2138,294,435,636,541,10240,5,3474,800,2462,514,1023,906,2211,474,436,1167,530,761,271,265,530,10240,10241,382,1174,333,320,1452,245,733,10240,133,697,547,1083,364,721,892,295,339,282,488,7,1147,383,601,679,653,522,1790,574,340,359,250,240,309,914,823,646,1027,10239,10241,286,472,1158,683,454,273,2130,1271,528,555,1870,281,10238,468,675,758,2648,725,563,10238,238,199,304,334,657,312,156,350,336,343,1350
qwen_qwen1.5_32b_zero_shot,10168,708,565,5057,540,1834,341,471,350,542,225,671,10240,943,10240,1033,334,1809,491,1455,1634,367,435,798,10240,882,537,655,210,457,653,773,666,739,521,1180,493,10240,1141,395,403,2948,784,812,949,603,918,1689,622,340,329,399,5549,1397,357,1195,10240,783,2327,408,4614,1158,1995,551,801,853,501,965,368,321,1209,367,176,471,573,915,282,266,341,232,513,482,6584,746,770,347,1247,548,288,459,249,274,646,263,208,333,462,447,373,810
qwen_qwen2.5_0.5b_instruct_one_shot,799,10241,535,666,2140,1423,1280,10241,10241,721,915,557,804,744,692,1401,777,803,724,579,922,345,4378,785,468,642,347,904,1005,781,562,1009,649,778,498,668,894,1161,929,806,539,1515,416,693,815,924,1426,385,1104,676,863,1084,692,588,670,411,814,901,10241,434,535,570,503,948,882,768,908,681,10241,700,388,488,669,641,596,1232,581,995,493,792,10240,1101,509,1610,833,716,945,986,347,507,423,1173,980,407,536,229,461,1138,459,645
qwen_qwen2.5_0.5b_instruct_zero_shot,1366,969,307,1238,10241,967,10241,544,815,596,754,654,829,470,217,280,1144,1465,1715,538,690,419,679,359,1502,441,441,692,847,730,770,1163,253,457,452,798,793,1310,821,1113,964,952,441,1524,369,10229,10241,327,1178,1000,765,739,459,359,397,371,1053,1479,619,562,504,520,527,10241,634,832,1152,452,825,1384,10241,10134,484,712,560,1011,535,152,631,351,408,10237,351,1057,10222,539,1372,841,450,10241,338,686,516,410,555,362,406,1042,863,473
qwen_qwen2.5_1.5b_instruct_one_shot,863,1038,722,814,10241,1169,972,1813,504,1122,854,10241,1352,665,869,1209,853,495,1264,966,1782,585,997,462,1505,1163,10182,10241,716,495,1070,860,1348,346,924,1052,844,1485,1753,617,638,1289,10211,1018,909,703,977,523,10241,770,743,667,653,563,453,668,574,1467,967,10240,414,884,632,734,599,630,938,10240,1343,1230,1301,665,881,1121,702,578,285,1105,980,986,599,782,894,791,964,1350,10233,485,634,1028,431,894,1168,842,585,365,596,693,519,461
qwen_qwen2.5_1.5b_instruct_zero_shot,1023,577,510,1208,10240,921,1197,690,10240,556,833,846,854,1228,1054,267,626,1342,1314,1058,954,509,1436,1939,923,516,747,993,771,342,1067,955,836,680,601,580,508,1509,792,724,1415,1186,480,1137,760,909,1083,337,900,539,901,796,10240,1061,644,652,1435,1060,1112,933,280,1227,337,885,951,997,10240,882,1213,678,528,459,1694,464,694,775,424,489,635,499,601,782,897,1243,1700,581,612,511,200,937,256,332,1458,548,310,622,593,268,722,612
qwen_qwen2.5_14b_instruct_one_shot,1044,10238,513,940,2022,1112,1030,10236,708,726,863,819,1055,796,1088,981,10220,688,1567,920,10232,788,919,755,990,557,790,1517,4287,956,717,1035,10236,718,1216,952,692,1458,1056,664,10238,10238,673,621,945,10235,669,556,985,852,911,10224,678,10231,584,698,995,973,5255,840,10236,620,571,1070,832,10229,1043,963,10235,661,981,1183,10219,1104,945,10232,712,546,699,677,735,603,573,10236,1329,482,837,778,629,913,417,881,1508,627,10234,790,587,989,10236,879
qwen_qwen2.5_14b_instruct_zero_shot,1188,1331,367,1443,698,10237,829,409,699,629,797,747,2179,10142,1027,1647,786,625,941,628,962,399,571,1450,1084,10231,10233,879,1058,297,565,995,918,637,1032,1082,441,672,1337,583,10198,957,432,616,845,1637,10232,606,412,699,10240,556,569,1287,453,430,1614,698,738,1360,365,391,485,921,797,561,514,773,10228,711,687,629,1005,1305,897,536,10233,571,754,847,673,812,638,727,1056,923,490,377,1082,966,295,649,1178,352,214,471,725,1077,563,554
qwen_qwen2.5_32b_instruct_one_shot,1547,1060,720,1372,989,944,10241,469,929,800,553,587,1037,521,875,747,770,908,1020,897,1467,521,857,1092,1122,795,678,998,10235,532,1101,723,1097,868,1043,889,775,971,1085,796,10226,10241,688,905,1008,1138,444,540,1095,652,934,1072,813,1020,799,457,749,700,636,515,322,730,358,699,870,761,766,456,1195,672,891,892,902,937,1052,388,400,627,877,904,1028,922,529,1142,1195,574,10236,1261,539,823,357,799,1950,486,324,496,895,928,791,1009
qwen_qwen2.5_32b_instruct_zero_shot,10231,788,624,914,664,865,769,271,420,762,746,727,836,785,834,1056,645,1142,931,709,605,395,618,596,801,865,514,1159,961,446,621,1086,608,721,670,750,486,678,1321,748,10235,718,444,845,746,10217,623,491,608,795,696,778,551,688,10185,391,989,750,976,851,347,369,474,870,818,797,997,468,1222,535,715,790,630,1270,758,361,396,481,560,813,875,805,420,1012,1019,587,696,397,581,780,209,669,1140,406,175,416,606,597,517,604
qwen_qwen2.5_3b_instruct_one_shot,814,720,637,1254,2213,1410,1245,675,678,619,727,10239,1153,937,897,1064,597,663,936,712,10241,601,605,528,1356,550,913,1130,976,918,1044,733,1032,807,666,1044,857,1254,1401,1080,639,733,357,612,463,757,667,656,921,550,1306,745,1331,1107,601,748,915,1261,725,606,271,409,423,925,1208,754,1004,1124,1112,715,945,1045,359,1095,519,766,418,648,680,898,859,1171,737,1178,830,717,765,982,530,941,396,576,1003,650,321,469,513,976,529,923
qwen_qwen2.5_3b_instruct_zero_shot,3436,609,10105,951,10241,1130,1021,424,10240,1220,1140,690,667,1092,1316,1618,774,664,1329,730,10241,442,554,1559,1673,444,1019,1023,1596,383,468,812,707,640,492,843,864,457,1298,631,1180,1401,401,607,2235,1160,605,585,1262,561,10241,963,1945,954,516,530,1436,1179,990,10011,343,1166,850,1664,713,557,966,767,896,670,819,578,780,739,356,496,382,587,465,586,348,2604,1097,1852,915,1074,966,2255,614,1436,285,812,1702,569,552,431,407,715,809,1651
qwen_qwen2.5_7b_instruct_one_shot,986,532,634,10224,1329,1144,1551,358,10236,10237,541,1110,10237,700,561,10235,10234,10232,1012,689,1846,511,815,10235,2535,10221,2249,869,622,10233,588,10233,659,865,756,893,638,1023,857,856,10234,737,541,903,948,1175,1135,453,1107,635,10238,862,10231,931,708,10226,840,970,720,10235,267,1786,590,724,584,585,1199,722,951,565,10238,1203,749,836,816,10238,10235,10237,632,10238,1084,926,10236,1018,2043,639,631,548,691,935,357,1497,1289,10234,427,441,727,10238,588,10230
qwen_qwen2.5_7b_instruct_zero_shot,1780,10210,10211,975,1629,1796,808,445,1405,606,1153,10230,860,1031,2522,10232,553,827,1171,771,2191,10232,3415,945,975,6415,675,796,424,3886,535,1061,748,1034,510,1039,447,828,10229,978,10225,10222,10211,1013,10229,1343,612,10225,1585,1529,1883,659,3952,1556,506,719,1392,10234,509,1141,10229,676,3787,699,831,1552,10227,10231,2215,1250,495,3012,10233,10214,762,392,542,533,380,815,1366,3455,10218,1079,846,10237,4276,10235,555,10238,261,1292,6651,461,10235,10236,1554,10237,10234,10231
qwen_qwen2_7b_instruct_one_shot,696,790,447,1032,1070,908,996,670,271,694,388,482,325,930,881,906,598,423,1646,761,647,395,692,641,1147,636,1334,468,893,336,5602,971,537,538,844,949,1121,1380,784,716,531,1080,361,1023,291,707,856,316,421,941,1472,607,1001,910,609,581,841,16,342,724,264,408,241,587,561,1029,760,359,1077,477,736,881,798,1190,542,1103,372,406,752,688,941,1363,692,926,869,703,1928,678,418,762,302,469,28,432,245,329,379,440,689,544
qwen_qwen2_7b_instruct_zero_shot,763,656,240,918,731,801,823,1556,325,726,232,229,625,503,769,633,747,589,1736,965,5660,540,680,567,1072,670,355,256,404,502,342,1133,557,377,479,721,516,1373,952,530,623,746,831,473,766,878,638,310,1019,464,377,481,534,551,525,362,692,957,820,473,326,506,350,497,1377,637,660,653,697,463,300,495,177,813,414,718,231,368,596,920,692,750,457,765,737,383,1313,1042,693,603,232,593,549,288,246,326,444,496,596,688
qwen_qwen3_0.6b_one_shot,10230,10207,10158,10192,10237,10235,7,10057,10236,10149,10237,10234,10233,10228,10228,10235,10229,10241,10224,10232,7399,10236,10238,10200,10225,1467,10236,10234,10234,10235,10210,5,10206,4537,10234,10234,10154,10223,10240,20,10213,6758,10020,1386,10241,10171,5576,10064,10226,10221,1185,10226,5747,10232,10233,10230,10231,10237,10230,10226,10227,10234,10218,10213,9920,10232,8,5607,10229,1279,10144,8,10230,10212,10233,10236,10228,10225,10237,58,10230,10151,10233,10237,10236,1368,10230,10225,10226,10233,2930,10235,10231,10234,10221,10237,10229,10233,10230,10209
qwen_qwen3_0.6b_zero_shot,4075,3515,2705,994,4089,4096,4096,4049,4068,4095,3661,3862,4079,4096,4079,1322,4096,6,4085,4077,4096,4078,3612,4096,1085,4096,4096,4096,4096,4080,10231,4790,3172,5838,10053,10234,10240,10236,10114,10236,10236,10240,10234,10220,10240,10226,10234,10229,10230,1559,10235,165,10240,10236,10219,10235,10236,6,10185,10240,10240,3982,10240,10229,864,3672,10240,10231,10224,987,2302,2,10240,10240,10239,10211,10226,10231,10240,10235,15,10240,10231,1662,3108,10232,1575,4564,10182,10240,10235,10234,411,10224,10231,10068,595,3161,2890,10191
qwen_qwen3_1.7b_one_shot,2600,3030,10240,10240,10223,10241,10240,1080,10226,10229,10240,10232,10231,10240,10237,10233,10226,10241,10240,6094,10240,10063,10227,10009,10221,10213,9840,10240,10239,10240,10224,10241,10229,10228,10240,10232,10241,10130,10240,10240,10240,10240,10238,10240,10240,10236,10237,10241,10231,10240,10240,10227,10240,7887,10240,10240,10240,10240,10236,10240,501,10235,890,10074,10225,10237,10240,10225,10241,10234,10241,10239,10226,10240,10240,10238,2102,2895,10240,831,10240,10233,10235,10234,10233,10209,3317,9965,10216,10232,10231,10240,10240,996,1111,10228,10241,8871,10222,10211
qwen_qwen3_1.7b_zero_shot,3465,10240,10240,10240,5697,10240,10240,10095,10230,9955,10240,5907,10222,10232,10240,10241,8987,10240,10240,10236,10240,10240,10240,10230,10231,10235,10008,10240,10240,10047,1797,10240,10236,6400,10223,9871,10240,10240,10240,10240,10240,10240,10240,10240,10240,10113,10235,10240,10233,10240,10240,10225,10240,10232,10229,10240,10240,10240,10240,10240,690,9922,1470,10230,10230,9776,10240,9776,10227,10176,9315,10155,9599,10240,10233,10240,10233,10231,10240,10235,10240,10227,9934,10181,2737,10114,10113,10233,10050,10144,10237,10240,10239,9938,10186,6344,10231,10236,2582,10240
qwen_qwen3_14b_one_shot,4143,9887,10241,10241,9349,6667,10241,1946,4229,4280,10241,10241,3245,10241,7430,5468,8628,10241,8193,5750,10241,10241,7009,7577,4481,4604,3144,10241,8662,10241,3106,9898,4288,6668,9916,2497,10241,4525,10241,3813,10241,9968,10241,10241,10241,3339,1397,10241,4445,10241,6312,7243,10241,7451,10241,10241,6687,10241,10241,9513,989,3321,972,4120,6710,3315,8462,6949,9566,1545,4514,10241,4556,6085,10090,1276,2133,1481,2871,10235,10241,9499,9891,5080,3536,2672,2394,9318,4933,3048,1943,10241,6629,1570,1320,5030,3738,5993,3300,6268
qwen_qwen3_14b_zero_shot,2828,10163,10240,10241,2117,5675,10232,4314,4026,3637,8671,4355,3885,10241,9526,3372,6377,10241,8916,6987,10240,10241,6984,8198,3683,10019,3070,10241,10241,10241,2321,8172,10233,4980,10241,3709,3235,3775,10241,10240,10241,10241,2081,10241,10240,3857,10239,10241,4086,10241,9558,6766,10241,4380,1977,5035,7345,10241,10240,10241,10237,1952,10230,3892,4279,2718,7157,5112,4474,3065,3777,9172,1324,10118,4860,6758,1759,10232,9483,10228,10240,10147,10232,4082,10229,2173,2650,9598,1003,3368,1421,10241,2057,996,1216,3173,6975,5084,5467,6835
qwen_qwen3_30b_a3b_instruct_2507_one_shot,1181,10241,10240,8432,6328,3419,6321,521,4570,3074,7018,1124,1167,10217,4496,937,4279,10241,7763,2507,8786,6112,10241,3043,1768,8587,1854,9812,9720,10230,741,10239,1164,2372,4804,1282,5128,2069,10241,6608,10241,10165,9193,10236,9371,1555,1427,10240,1896,9954,2777,4368,6213,3234,10241,9005,4541,10241,7893,8890,331,604,329,794,1669,1052,3966,4589,1562,743,5738,3953,1476,4753,1919,1824,1188,540,1364,830,7886,1208,864,1999,3035,897,728,10099,4650,1614,385,6434,3637,613,231,4207,5073,3221,1522,1992
qwen_qwen3_30b_a3b_instruct_2507_zero_shot,1017,10145,10240,10228,6833,8742,5303,2123,3608,761,10240,1005,1024,10240,3621,850,3359,4790,3823,3670,10241,449,5126,2068,1652,10231,1143,9265,10241,10154,737,7169,1166,3244,10241,882,5381,1472,10240,3935,10240,10241,9446,9930,9993,1319,1245,5122,1218,10235,4914,2276,5475,1928,8851,5533,4541,10241,10228,10240,215,978,266,709,1806,653,3986,1370,1408,836,3716,3284,3325,3170,1904,1049,476,472,1667,723,5327,760,459,1064,2517,629,533,6847,4507,958,334,10232,5001,464,285,3752,1893,3868,847,2066
qwen_qwen3_30b_a3b_thinking_2507_one_shot,10224,10240,10241,10241,10240,6857,10241,3959,10236,1989,10240,4412,10227,10239,10232,10230,10228,8214,10241,9013,10240,8252,10241,5722,5171,10241,5750,10240,10241,10240,10237,10241,7203,6702,8071,10232,10241,10233,8201,10240,10240,10239,10240,10241,10241,5686,6320,10241,5150,10241,6921,10240,10240,10233,10240,10240,10240,10241,10241,10240,1000,10240,1234,3539,4979,10235,10240,7588,6488,3310,10231,10226,9773,10240,10231,10231,2258,10240,10240,1623,10240,2699,10234,3438,10233,2537,2878,8467,7128,10233,2377,1438,10241,1660,10234,8743,10241,10237,5195,10241
qwen_qwen3_30b_a3b_thinking_2507_zero_shot,2338,9848,16,9,10231,8349,14,2533,7437,2204,6744,10219,4882,14,8595,4098,8167,8050,14,7131,14,7885,8867,4496,3635,10204,5828,15,16,10230,4430,9943,5163,5141,8940,2437,10241,4082,8532,21,15,10241,10241,14,10241,2730,4609,21,7360,14,10230,9890,10003,14,16,14,10206,21,10240,9,603,1477,1203,3752,3166,3891,10241,5728,4295,2333,10235,9415,6319,5420,5761,7688,1626,1861,9918,10236,10241,1451,1359,2264,4651,1358,2495,8350,10227,2551,1440,15,5191,1113,10238,6466,10228,7120,3761,9759
qwen_qwen3_30b_a3b_one_shot,10220,10233,10240,10239,10238,10234,8126,10235,5417,10231,10240,10231,10232,10240,10239,10235,10233,10240,10239,5667,10239,10240,10235,10236,10233,10235,10230,10239,10240,10240,10233,10237,5268,10237,10161,3671,10240,10236,10240,10240,10240,10240,10240,10240,10240,10235,10232,10240,10234,10240,10238,10232,10240,10234,10240,10239,10235,10239,10240,10240,10237,10233,10223,10232,10237,10236,10232,10233,10241,10234,6993,10239,10232,10240,10230,10228,2780,10116,10240,10235,10240,10240,9864,10234,10233,10235,10236,10240,10235,10233,10236,10240,10233,10234,10079,10234,10237,8181,10231,10233
qwen_qwen3_30b_a3b_zero_shot,2810,10239,10240,10239,10177,10225,7804,5815,6001,4306,10240,10237,10234,10240,10226,10230,8905,10195,10234,10227,10240,10220,10240,10222,10235,10240,4300,10240,10240,9122,10236,10240,10237,10234,10232,10227,10240,10234,10240,10240,10240,10240,10240,10240,10240,10236,10234,10240,10229,10240,10240,10162,10240,7884,10078,10240,7985,10239,10240,10240,10234,10235,10120,10230,9078,10231,9834,6690,10236,9778,10230,10240,10233,10240,10225,10230,10235,10233,10240,10040,10240,10235,9782,10236,10232,10234,8722,10239,7177,10234,10236,10240,7406,9973,10237,10224,10233,10234,10230,7588
qwen_qwen3_32b_one_shot,10236,1498,3089,1799,1440,3577,1363,944,10241,1613,10241,4156,1970,2867,7574,10241,1068,3229,3726,1826,2068,1737,1393,2109,3193,1322,5121,10241,2888,1721,1111,10064,957,2016,10236,3552,1231,3335,2355,10241,10238,10234,3421,2147,1619,3011,1369,10234,10232,850,6388,7555,4085,2429,9494,9451,4923,10240,2539,3386,1000,899,10108,1749,2828,587,2832,2675,3396,9597,4073,9993,4927,10240,10019,4337,2177,922,10240,1171,10240,1893,1045,2533,2309,1288,1354,1479,10239,3491,1994,1788,3427,9905,1026,917,1251,5630,1724,1798
qwen_qwen3_32b_zero_shot,3094,10240,10240,10239,9424,10240,8134,5377,5654,3278,10240,5366,2543,10239,6281,4193,5702,7181,9017,6377,10240,10240,7166,4927,3207,6240,3571,10240,10240,8515,2370,9333,5206,6494,10241,3925,10240,4419,9331,10240,10239,10240,10240,10240,10240,3334,2614,10239,6160,10240,7690,7518,10240,7728,10240,10240,10240,10239,10058,10240,10231,9913,1452,2583,4255,1836,5888,5516,7070,2191,4529,7700,4818,10241,5221,4170,2151,366,10240,1559,10240,10232,4298,4347,3573,1858,3012,10240,10241,3001,1615,10240,6078,10230,827,5503,10093,4053,4319,9110
qwen_qwen3_4b_instruct_2507_one_shot,3284,10235,10233,3246,10221,4927,10180,10236,3677,10179,10232,1761,10154,10209,4815,10236,10238,10235,10237,10227,10241,10233,10226,9258,10238,10231,10241,10237,10233,10238,3184,10230,1846,5096,10231,10218,10230,1614,10231,10236,10232,10232,2437,10235,10235,10238,10236,10237,10078,3797,10233,5223,9484,1910,10183,10237,10233,10207,10230,9378,10188,1362,10212,10236,10147,10238,10225,4756,2850,10231,10234,2867,3232,10235,10236,2143,10231,10238,1807,612,10236,10194,10230,2846,2246,10233,1443,10234,10230,10230,10136,9743,10178,10223,4999,3534,1807,3212,2026,10225
qwen_qwen3_4b_instruct_2507_zero_shot,1636,10228,10212,10231,9199,5331,10229,510,10236,10228,10225,1254,836,10233,10235,10232,10229,4869,2906,10233,10241,10232,10234,10236,2173,4527,6072,10233,10236,10232,1068,4679,1298,10230,10234,1906,3692,8146,10230,2202,10208,10234,10235,10230,10231,1313,976,10232,1236,10229,10240,1808,4979,2000,10226,5459,4371,10238,10216,10235,174,575,10233,578,2715,10238,10231,546,2330,683,10231,1613,623,3463,10238,514,662,624,1325,697,6013,606,404,2174,1161,596,479,10236,1425,1014,10226,10234,10236,10223,201,1578,10230,10236,1109,10237
qwen_qwen3_4b_thinking_2507_one_shot,2096,10240,10241,10240,10239,8584,10240,4164,9936,2143,10240,9971,5642,10240,10240,5787,10240,10241,8,9295,10240,10241,6927,6117,4560,10240,9934,10241,10240,10240,4175,6660,4537,6201,10240,5958,10240,2972,10240,10239,10241,10241,10240,10241,10240,10235,10233,10241,8863,10240,5956,10241,10240,9536,10235,10240,10240,10240,10240,10241,1096,10233,731,10223,8652,9468,10241,5922,9990,2333,10240,10240,7744,10241,5684,7390,1991,2591,9385,1837,10240,10226,10236,10233,10222,2707,10235,10241,10240,3540,3504,10240,5542,1020,10109,6807,7172,10241,10225,10241
qwen_qwen3_4b_thinking_2507_zero_shot,1354,10241,10239,10240,10239,6539,10241,2875,7668,2507,10241,3981,10101,10239,10241,10137,10239,10241,10172,10241,10240,9918,10222,8265,4409,10241,5236,15,17,10241,10103,8731,6225,10147,16,3434,10241,5723,9040,10241,10241,9919,10239,10241,10239,2396,3949,15,8706,10241,9622,7410,10239,8243,10241,10241,17,10241,10241,16,666,10059,1142,4170,2926,5020,10241,6685,10098,1787,10241,10241,9248,9336,10230,4792,1390,10195,9942,2115,10241,2176,1515,10233,4583,2166,2453,10240,7029,3304,2002,9914,5698,1629,892,10237,10229,10213,4160,6157
qwen_qwen3_4b_one_shot,10225,10240,10240,10240,7707,10236,10228,10239,10237,10232,10226,10231,10235,10240,8133,10231,6815,10237,10233,10231,10222,10235,10231,10235,10230,10240,10232,10240,9756,10236,10233,10228,10232,10238,10237,3493,10241,10236,10231,10163,10240,10229,10240,10240,10236,10236,10227,10240,10237,10240,10231,10236,10240,10233,10237,10230,10240,10232,10241,10240,584,10233,10236,10231,5548,10230,9864,6850,10237,10236,10234,10226,10229,10235,10235,10235,10234,10227,10241,10229,10241,10228,10235,3933,10228,816,10234,10234,10235,10232,1545,10233,10238,10228,10236,10229,10237,10229,10226,10238
qwen_qwen3_4b_zero_shot,10230,10240,10234,10230,10229,10240,4180,10234,10228,10237,8342,10225,2954,10225,10234,10235,10232,10235,10229,10235,10233,10233,10235,10235,3811,10106,10227,10240,10240,10016,10235,10230,10232,10235,10194,1066,10228,10228,10240,10240,10240,10233,10240,10233,10240,10233,10233,10237,1146,10224,8450,10232,1084,10233,10237,10232,2266,10237,10239,10231,625,10234,1206,10233,5242,4415,10240,816,10235,10234,10236,10235,4604,8668,4295,3438,10235,10235,10235,816,10239,10232,10219,626,10232,909,10233,10229,10234,1223,1586,10240,9726,449,1185,4903,10236,10234,10232,8351
qwen_qwen3_8b_one_shot,2537,10240,10241,10241,10230,10238,10241,10241,10147,10229,10241,10241,4722,10241,6618,10226,10241,10237,10241,10231,10241,10234,10236,10236,10233,10227,3420,10241,10240,10220,10226,7628,10221,10241,10241,10237,10233,10230,10241,10240,10241,10241,10241,10241,10240,10217,3770,634,10233,873,10228,10210,10240,10231,10241,10233,7701,10241,10240,10241,10234,10228,10232,10233,10227,1918,10233,10231,10241,10213,3555,1871,10235,9143,10169,10228,1823,2126,10238,1366,10241,10233,10228,3926,10229,1653,2255,10240,10089,10232,10142,10241,10597,1955,1939,10235,6102,10712,10232,10235
qwen_qwen3_8b_zero_shot,10237,10239,10240,10240,10240,10227,10240,10230,5680,10233,10240,10228,10227,10240,9925,9966,10235,10240,10230,9542,10240,10240,10229,10240,10232,10240,10229,10240,10240,10240,10218,8442,8418,6411,9736,10230,10227,10224,10240,10240,10240,10240,10234,10232,10240,10231,10232,816,10235,10240,6384,7751,10240,10240,10238,10240,10240,10240,10240,10240,228,1858,1088,10160,10221,10225,10239,10230,10222,10178,4765,10239,10579,10234,10232,10236,2638,2784,10240,1321,10241,1077,10214,599,2667,1629,708,10159,10231,10229,10235,10240,10236,515,10229,10235,10235,6030,9812,10224
thudm_glm_4_9b_0414_one_shot,903,1057,835,1160,1794,1208,1019,519,725,898,875,352,991,1078,927,1475,1057,1911,2131,832,8885,405,10241,264,1572,5421,1382,10240,1912,1150,476,1454,1204,1748,812,574,624,3741,3314,1131,1568,2320,355,1258,935,936,634,775,946,281,1187,1063,1007,1059,534,589,893,2157,554,706,295,816,407,479,5560,595,10241,799,519,784,688,959,2683,3078,571,3177,382,447,988,690,921,1128,543,1125,1016,846,929,1319,644,2650,298,10239,955,554,345,695,562,836,847,1007
thudm_glm_4_9b_0414_zero_shot,1106,2156,590,1534,474,1110,3887,550,757,435,536,582,548,680,671,1089,669,679,1695,783,2243,665,1342,410,932,10241,464,632,587,380,989,840,407,947,493,998,663,2849,1793,645,1026,2204,344,1609,802,963,675,517,605,628,1112,503,840,1213,411,416,1412,1088,820,693,325,697,334,1007,545,432,815,896,1078,697,924,716,622,856,360,426,267,415,1615,659,705,927,359,930,1146,288,417,883,486,988,165,9192,1287,374,206,590,790,805,623,654
baidu_ernie_4.5_21b_a3b_pt_one_shot,2416,6263,4352,4734,4669,7075,4195,4411,2274,1909,4831,3288,954,2059,5147,1745,222,7834,2981,4007,6469,824,3925,5,2663,1915,2103,5297,3893,879,1039,1916,1154,1427,6692,1138,1032,1806,2620,1102,1893,2605,775,686,5572,4376,917,1012,796,957,2587,731,5377,1403,1852,436,3963,1720,2536,983,378,570,421,1184,3015,705,2429,3325,1018,821,768,1298,1503,3552,1045,376,548,519,573,739,3788,871,325,970,1261,638,632,1625,1165,1399,583,2435,2872,610,288,970,610,2065,751,1131
baidu_ernie_4.5_21b_a3b_pt_zero_shot,3322,485,1490,1551,1309,5322,1371,1342,1914,742,3638,1407,619,5601,2913,2106,2821,1613,2553,2444,3064,395,720,777,1238,10240,641,8999,4353,885,677,1515,569,1282,10240,814,654,1621,10240,821,1087,4202,1081,520,2618,2804,654,747,951,1686,1803,792,2181,1582,495,1414,1691,2247,5996,4375,276,1301,341,939,1629,735,2478,1947,1032,681,711,1824,630,1073,1330,574,701,449,448,641,1027,542,282,745,695,431,599,969,892,10240,222,1860,2551,428,260,506,1043,976,650,1092
baidu_ernie_4.5_21b_a3b_thinking_one_shot,10321,10493,190,10239,7235,10403,10489,3305,10420,7401,8497,4615,8532,7171,9507,10061,10493,7380,6812,10398,10519,8893,4325,8778,10694,9616,7396,10348,10027,2126,4670,10749,5551,6823,21,3368,10335,10657,14,10797,10509,10730,39,10759,7461,5716,4395,10717,10633,10304,10568,10751,10713,8674,10529,10514,10921,10622,10923,10460,705,1443,2096,5744,7538,11057,10878,7346,10792,3871,9710,10034,8111,10748,6949,6516,4509,5898,6181,1865,10564,4215,2717,5542,4864,5134,5971,10696,10674,4896,2598,10309,10535,1553,2512,9903,10724,8689,3347,10589
baidu_ernie_4.5_21b_a3b_thinking_zero_shot,5376,10656,10365,10441,10778,10790,11012,2617,3973,4632,9492,8566,5726,10352,10661,4918,10770,10574,10351,10818,10769,10503,10523,10779,7609,10345,6534,10804,10460,10361,3362,10818,2770,10759,10650,5190,10292,10726,10767,10538,10609,10605,10463,10717,10721,1641,1708,9799,10939,10284,10743,10578,10738,9803,10530,9859,11166,10724,10751,10313,907,718,1231,5313,24,6052,10998,10621,10715,4434,6697,10486,7260,10829,4575,10704,613,957,5822,934,10625,3349,5091,2158,3515,2904,6585,6016,9338,7899,4422,10677,10607,728,267,10485,10569,10745,4455,10482
deepseek_ai_deepseek_r1_0528_qwen3_8b_one_shot,10086,10241,10241,10241,10241,10038,10241,10241,7768,10230,10241,10237,10202,10240,10241,5708,10241,10241,10241,10125,10241,10240,10241,10240,8497,10240,10215,10241,10241,10241,10230,10239,10147,10223,10241,10211,10241,10232,10241,10241,10241,10241,10240,10241,10241,10230,4796,10241,10241,10241,10241,10241,10240,10241,10241,10241,10241,10241,10241,10241,10201,10235,10205,9860,9412,10192,10241,10012,10240,7619,10236,10226,10241,10241,10205,10234,10227,7856,9653,10206,10241,10164,9939,10235,10225,9998,10213,10241,10241,10241,10215,10240,10218,10231,10203,10241,10131,10234,10227,10241
deepseek_ai_deepseek_r1_0528_qwen3_8b_zero_shot,10212,164,1598,10241,10241,10241,10239,10241,10184,10203,10241,8303,10128,10241,10241,5942,10241,38,10241,10128,10240,10241,10241,10241,10232,10241,10232,10222,10241,10239,9968,10241,10071,10241,9659,10241,3,10241,66,17,10241,10241,10239,10240,10239,10163,10001,10239,9728,10241,10233,9826,10240,10241,87,10241,15,10241,10241,10241,7817,9965,10159,10234,10240,10175,10241,10241,10240,9928,10185,10241,10105,10241,10241,10238,10225,10234,10241,3795,21,9935,10228,10228,7838,10229,9736,10241,10241,10177,10230,10241,9487,10227,10227,10241,10234,9540,10049,45
deepseek_ai_deepseek_r1_distill_llama_8b_one_shot,1973,10240,10241,10241,10239,7579,10240,2067,2680,4500,10241,2144,4677,9162,8690,7871,10241,8998,3572,1372,10240,9269,10240,6872,3639,10240,3995,6426,10241,8446,1686,5735,5372,3078,7622,2649,4597,3883,10241,10242,10241,10242,10241,9517,10241,3168,1472,6545,3414,9887,10241,6985,10241,6179,10240,4778,10241,10240,10241,10240,634,1420,944,1526,5467,8513,10241,7558,6602,1050,2582,4257,6718,10241,3146,5812,851,2255,10241,10064,10241,1976,1497,1696,1655,1668,1717,6088,3107,2416,760,10240,4876,1113,953,8546,3599,2691,2665,5302
deepseek_ai_deepseek_r1_distill_llama_8b_zero_shot,2131,10240,10240,10240,5352,6218,5165,1209,7372,2179,10240,1187,3052,9822,9930,5716,9974,7079,5079,6784,10240,10240,10240,10240,3062,8897,2857,8185,10240,10240,1764,5179,3794,5143,10240,2137,3346,2902,10240,10240,10240,10240,7945,10240,7667,2178,2912,10240,3748,10240,10240,6673,10240,7277,7234,3320,10240,10240,10240,10240,689,5398,844,3123,3733,1585,10240,4606,10240,1115,10240,3495,4201,10122,2718,3091,914,1680,10240,787,8412,1528,1029,2223,2191,1365,1572,10240,10240,2417,1103,10240,7231,1113,836,4456,1761,4880,2345,5497
deepseek_ai_deepseek_r1_distill_qwen_1.5b_one_shot,2417,10240,10240,10241,10240,10114,10240,5093,2940,2676,10240,10240,1943,10240,8119,10240,10240,612,10241,4617,10240,10240,10240,3030,2372,10240,2309,10240,10241,871,1475,3526,3497,5345,5987,3042,3564,1335,10240,2704,10241,10240,9730,1113,10240,4568,4995,582,2517,10241,4740,10240,10241,10240,10239,10240,10241,10239,10240,10241,1552,1678,683,789,10217,1207,10240,4043,7357,2364,1910,2061,2899,907,1879,510,1218,417,9780,1998,10240,4177,1803,1873,5843,2617,1323,9118,3516,3362,1376,870,10241,1415,337,2841,8392,1487,2272,6413
deepseek_ai_deepseek_r1_distill_qwen_1.5b_zero_shot,2361,10241,7333,10240,8003,734,10240,2208,10241,2559,10241,8760,1935,10130,7375,3315,8979,10241,10241,10241,10241,7428,3259,8488,2984,10241,6517,10241,10241,2668,1654,10241,2517,4083,4281,2558,4509,4173,10241,5113,10241,10241,9217,10240,7728,6461,2485,10241,3652,10240,9128,10241,4674,5076,2417,10241,10241,10241,10241,9804,887,1410,269,2179,10240,10241,10241,3829,1183,1461,2999,2911,2732,2786,3105,9206,1704,10241,10241,1813,10241,2373,1476,2862,2659,2066,7606,10241,1686,2442,1106,7224,7783,1299,596,10241,2831,6332,1707,478
deepseek_ai_deepseek_r1_distill_qwen_14b_one_shot,2148,10240,9599,5900,8976,3782,10035,4859,4757,757,7889,1079,2647,1128,8330,10241,8387,10195,1039,4043,10241,572,2552,816,2978,5242,2285,8936,10240,715,1336,673,2239,8127,5919,2407,704,3062,10241,666,10240,2424,10240,8296,10241,3349,1895,400,1097,623,6084,6538,9107,7382,10241,7223,10240,10241,10242,10242,825,1061,1297,664,4328,3932,10241,6297,4156,641,3402,1051,5813,2279,3495,4920,1562,3233,10241,1407,10240,1510,1174,2431,2948,1709,1929,10047,2786,3411,234,7840,4945,467,1535,455,609,1663,2970,2939
deepseek_ai_deepseek_r1_distill_qwen_14b_zero_shot,765,10241,10241,555,5970,6291,9920,3122,3298,413,10241,2798,3675,9400,6896,1451,7865,10241,10241,10240,10240,9798,10241,4774,1465,4977,2995,4601,552,10241,1507,10241,1621,6091,4425,2354,4944,6140,10241,7583,895,10241,6566,10240,10241,2137,2301,449,3648,624,3289,5870,454,5784,10241,2625,7588,864,10241,10241,257,1133,841,2659,2658,2881,10241,6181,8233,1631,734,3061,2813,10241,3853,1514,1294,1780,2173,1361,9664,1422,1123,1697,2844,2123,889,4146,1968,657,195,6219,6276,1058,768,7699,3445,10241,1739,397
deepseek_ai_deepseek_r1_distill_qwen_32b_one_shot,827,4972,3961,797,787,7718,6988,529,10241,881,612,1234,966,8428,1031,2751,256,10241,1642,1795,10240,4789,10240,1019,2008,1730,2456,3473,10241,3305,539,2636,1769,1602,1386,1570,880,467,428,770,10237,813,803,4997,2463,2672,442,620,779,784,4958,1434,1319,1012,406,1270,10241,1016,7435,430,239,1011,177,653,1773,380,2942,1243,8310,857,1361,3314,1848,855,745,553,535,435,525,581,759,2073,382,2935,699,1695,586,1672,287,632,250,2622,6759,563,261,447,1656,1279,1306,3331
deepseek_ai_deepseek_r1_distill_qwen_32b_zero_shot,999,9251,923,757,3942,1009,4682,601,932,878,5936,3836,421,1252,3516,564,2505,1477,4963,2532,5025,379,3431,453,1263,1116,2478,2949,9735,857,550,964,779,1190,1054,2053,598,748,581,599,6046,768,722,657,1074,1412,548,772,798,515,10241,743,747,901,994,585,2533,1919,2077,1015,315,1008,468,430,2150,540,3073,627,2186,954,962,886,631,3624,1382,940,480,612,1692,493,640,766,581,1292,815,601,602,669,426,917,212,1519,3551,401,262,509,597,857,644,552
deepseek_ai_deepseek_r1_distill_qwen_7b_one_shot,1540,8515,10241,7024,2521,10241,5543,661,3168,2758,10241,1835,1923,10241,5201,2300,6947,10241,8326,4595,10241,8345,8355,2835,3500,10241,10241,9953,10241,10241,1498,10241,2492,3600,6707,1894,7653,2771,10241,10240,10241,10241,4328,10241,9919,2216,1442,10241,1696,10241,7092,5559,10241,5455,10241,8796,10241,9905,10241,10241,806,749,764,2417,2344,867,9991,7078,5414,1698,2284,6370,3002,2906,2694,1998,1147,1451,2484,728,10241,956,909,2902,2053,1223,1211,10241,2465,2590,1397,10241,3936,1002,1886,3529,3358,2175,2435,6799
deepseek_ai_deepseek_r1_distill_qwen_7b_zero_shot,1330,10241,10241,10172,10239,10241,6969,5185,5234,3162,10241,2809,2240,10241,5044,4482,8254,7613,10241,5672,10240,10053,10221,3049,2659,10240,2276,6036,10241,4862,2256,10241,2482,2952,4392,2715,3450,2113,10241,8379,10241,10240,10241,10241,8833,2447,2065,10241,3283,8630,5086,3817,10241,3257,4087,6885,9784,10241,8434,10241,911,1675,466,3230,4041,2522,10241,10241,7327,1075,2759,3410,7798,4373,3361,3051,595,797,5806,1115,10241,1160,654,3310,2133,1567,2426,9894,2800,2827,432,10241,10241,748,529,7132,2250,5402,1562,2220
dphn_dolphin_mistral_24b_venice_edition_one_shot,1421,1310,556,1045,10239,763,1282,456,612,421,514,776,1340,1366,456,506,1122,753,830,592,607,400,10239,784,1468,730,715,429,742,376,489,1097,748,429,520,797,854,671,900,670,651,585,864,831,624,1065,456,510,480,636,824,809,554,859,1063,444,787,1213,728,747,357,288,266,884,695,583,793,638,759,550,483,500,738,1041,485,281,370,381,483,670,1637,761,352,410,627,382,524,671,540,601,227,439,708,473,194,338,662,535,691,777
dphn_dolphin_mistral_24b_venice_edition_zero_shot,1010,393,552,715,10239,648,739,326,704,486,410,492,614,657,602,251,169,939,1121,380,522,302,450,953,981,519,394,407,618,442,480,766,610,574,449,966,913,812,985,518,644,705,751,572,727,625,641,429,532,582,777,542,536,607,438,317,702,881,787,504,272,910,353,797,854,418,825,513,288,645,377,598,475,1114,878,588,347,413,430,746,548,563,311,368,1077,270,1157,739,461,737,187,403,298,448,205,226,342,342,548,389
dphn_dolphin_2.9.1_yi_1.5_34b_one_shot,934,230,3590,717,3110,3007,8169,8199,457,881,8224,5825,8046,8424,7794,7840,8308,1717,545,8170,799,1828,3982,1055,7766,1674,7992,8262,398,816,669,1354,7810,538,8059,6043,580,7445,998,843,1668,8068,902,543,8196,391,1495,7832,3812,2081,7169,7955,7498,8484,8258,527,1805,7452,7331,512,8171,214,7768,8299,8223,8233,681,7869,8099,2173,8048,7828,1004,7919,7546,8067,8354,8165,2929,8072,640,1444,8067,2564,7857,751,3393,7835,7894,4180,8019,7243,795,845,8502,8029,8184,1090,8084,516
dphn_dolphin_2.9.1_yi_1.5_34b_zero_shot,111,932,8412,7966,971,1607,674,1020,2887,1012,382,967,667,647,722,6995,8755,1728,697,8031,473,504,608,796,8213,469,8476,603,397,847,695,36,1182,557,657,781,858,721,813,586,7095,1363,452,713,1196,648,8587,8290,661,913,1759,8720,479,7613,811,577,1097,8194,964,721,546,630,370,1097,8059,532,1179,7937,916,910,642,565,913,8327,853,1111,475,696,8120,1012,8276,1257,811,1215,561,578,914,465,486,960,8047,8574,7794,474,491,399,576,4835,774,632
google_gemma_3_1b_it_one_shot,9820,1352,7526,953,10555,1314,11195,835,1759,1827,1193,10418,11689,1753,1146,9165,1343,3183,14066,1436,9465,10761,1648,10681,7980,1944,618,7973,2297,8986,7802,10172,9759,4485,890,2034,11945,1349,717,1043,10056,11413,9461,797,1001,1491,11432,11038,1758,2091,5,686,8520,941,1271,8434,1022,8933,1285,1053,2942,11379,11720,10976,10895,11693,1809,1515,16972,2143,10865,8854,865,1938,10774,5580,9608,10787,3113,988,11021,10884,11289,1530,10944,10499,1753,9964,2188,11474,9695,11113,10895,10978,10386,10604,11283,883,10793,1001
google_gemma_3_1b_it_zero_shot,12425,1337,1016,1897,8656,11948,11677,448,6028,1324,16960,9996,10374,1618,1239,639,612,7087,479,15201,9502,11707,9775,9156,1031,9471,981,15362,690,15197,11423,1035,650,1029,1213,881,604,1240,1957,607,10516,2281,15414,1970,15364,1748,1245,1246,1147,1531,12896,1189,12542,948,519,1066,1788,1431,2526,868,794,114,420,10988,11270,540,708,7642,1232,10427,2047,11193,1036,507,523,2594,1232,1071,763,1573,15208,1016,3671,1048,716,510,1472,10489,264,1502,10146,917,1191,462,599,15361,1536,3553,1026,2582
huihui_ai_huihui_qwen3_8b_abliterated_v2_one_shot,2953,10234,10241,10231,4770,10232,10235,9402,10236,2755,10241,1835,1462,10241,6770,10241,10231,10235,10241,10228,10241,774,3291,10231,2765,10241,3798,7823,10232,10237,10235,10233,10217,10227,10230,2159,10232,10233,10241,10234,10240,10241,10236,10241,10241,10235,10233,10241,7722,10231,10234,10232,10226,10241,10238,10241,10228,10227,10229,10241,10178,1442,1355,10226,3439,4362,10241,4170,5721,10230,2647,10241,10223,5527,3880,10229,10232,10210,10236,10232,10241,10232,10231,2985,10233,10230,1388,10236,10241,3841,2055,10241,10236,10229,10238,10232,3287,3625,10237,10233
huihui_ai_huihui_qwen3_8b_abliterated_v2_zero_shot,10234,10239,10229,10240,8087,10235,10240,10232,5292,819,7985,10236,4593,10240,10223,5341,10241,10226,5733,9474,10240,10233,10240,10236,2211,10165,3485,10240,10232,10203,10234,8203,10234,10227,10230,10227,10240,10233,10233,10226,10239,1132,10220,10240,10240,2484,4342,10240,1075,9794,10240,10228,10233,2362,10240,10240,10228,10231,1032,10240,357,749,10221,3305,10233,721,10228,1474,3803,1602,10235,9404,1231,10240,10236,10226,10120,10236,884,10225,10240,10235,329,643,978,1469,2161,10231,10236,946,10232,10233,10230,584,10230,10233,10209,6328,10226,4677
huihui_ai_huihui_gpt_oss_20b_bf16_abliterated_one_shot,3722,10241,10241,10241,10241,10241,10228,3960,10241,4869,10119,1258,1853,10241,10240,6083,10241,8411,9861,8115,10241,10241,10240,10241,5623,10241,3632,10241,10241,10241,1957,10241,2262,4209,4606,8967,10241,2788,10233,10241,10241,10241,9934,10241,10241,2150,2458,10241,4861,10240,6090,6901,10241,8348,10241,10241,10241,10241,10241,10241,513,2030,523,1193,10241,1903,10241,1670,3057,1657,3052,4539,5115,10241,3173,4892,639,1160,2551,1444,10241,1292,986,2330,10219,1682,2454,3616,10241,4750,1256,10241,6078,1196,420,10238,4688,3243,1627,4804
huihui_ai_huihui_gpt_oss_20b_bf16_abliterated_zero_shot,10241,10241,10241,10241,10240,10241,3185,3971,3326,2354,5719,3053,2179,10241,9405,6157,10241,10241,10241,9194,10241,10241,10241,10240,3466,10241,2100,7325,10241,10241,2057,8878,3571,6566,9007,2870,10241,5477,10241,10241,10240,10241,8016,10241,10241,2085,1533,8662,5722,10241,4217,3205,9866,4215,10240,4038,8173,10241,10241,10241,1535,2270,810,1841,10241,1873,10241,2261,3708,2107,3871,10241,5077,10241,4772,4464,771,2027,2043,1338,10241,257,1171,2325,2720,2984,2220,9609,10241,4058,978,10241,6247,964,639,10241,4515,3317,3831,2563
ibm_granite_granite_3.3_2b_instruct_one_shot,1011,1342,566,2717,1639,730,10240,10162,7106,695,3353,10112,1002,1010,949,928,799,739,987,742,1203,4943,9179,1502,4642,10188,818,958,597,10101,714,1431,3680,841,1476,733,844,1087,9937,877,1310,1373,9818,1262,2041,10240,6621,6518,956,1313,1024,799,1877,1580,8980,534,1074,2713,1016,1009,984,844,9953,914,10240,10012,1395,887,10230,603,369,2396,1253,1009,747,571,635,2713,1559,968,10041,10240,607,1090,995,567,10240,7753,677,964,444,10237,801,513,1594,1929,744,1450,466,1331
ibm_granite_granite_3.3_2b_instruct_zero_shot,794,616,429,1230,10240,5953,1613,582,591,1281,9553,1156,1975,1123,1707,600,9586,966,1253,3489,3381,1229,609,429,2402,2727,1223,903,3007,636,2036,1441,9252,2226,1184,823,1231,1286,1245,2915,1694,9821,955,912,768,1347,766,338,940,680,10240,3731,852,1199,5477,451,1008,1675,2719,2142,205,794,362,922,1555,1016,763,929,927,961,3151,853,1128,933,9739,7765,620,729,930,2142,541,10239,504,1362,555,1474,1019,3265,379,1445,314,968,8145,1170,447,1565,1194,963,1765,1540
internlm_internlm2_chat_20b_one_shot,596,567,441,726,540,483,175,460,739,504,1031,608,1150,470,606,1136,541,380,348,747,1426,502,223,791,295,1314,621,738,1201,535,262,672,1366,381,376,935,267,581,1049,10,422,622,309,415,454,1172,798,319,402,550,908,404,409,467,513,1001,545,761,262,966,313,1167,456,394,318,22,460,666,389,350,486,853,402,386,449,894,160,305,647,998,1115,368,244,587,659,199,794,202,10217,896,222,449,481,458,202,423,185,585,636,537
internlm_internlm2_chat_20b_zero_shot,920,407,429,992,448,588,439,1251,595,495,403,481,780,2600,618,311,861,969,870,1206,508,406,663,695,824,593,584,450,392,555,379,393,411,483,778,727,274,437,617,841,576,830,353,664,822,670,669,517,746,726,776,794,693,525,636,344,928,756,1221,608,206,494,451,663,415,844,64,597,681,395,238,628,336,811,1175,1249,191,227,535,807,514,560,322,808,961,294,493,568,259,44,256,466,895,556,347,144,528,437,617,1212
meta_llama_llama_3.1_8b_instruct_one_shot,2045,694,549,5208,12098,609,6,6,466,610,771,663,725,12230,6,12120,733,10466,6,571,752,496,9590,884,1361,1073,1424,2935,2286,11267,974,954,539,325,1538,12098,6,869,6,10704,971,1109,616,807,806,6,1058,415,12232,557,680,487,6,6,6,426,2613,6,460,12184,11659,927,205,11340,11438,11241,366,298,11896,6,398,976,7,1643,912,631,12003,324,697,12265,543,12714,365,592,810,3033,1943,775,6,1431,10329,440,859,11942,196,12077,6,626,433,410
meta_llama_llama_3.1_8b_instruct_zero_shot,1286,556,553,7477,6,4661,576,958,649,747,11875,434,2642,1120,836,10464,10168,10715,680,657,667,795,759,10202,10149,754,567,10301,10755,576,495,373,937,1633,553,10867,639,11691,6,952,1050,578,584,1092,14138,321,12638,10026,492,653,1184,851,1031,1039,684,709,700,1305,1405,10620,451,601,6,1008,10500,2229,6,6,991,770,241,534,6,3405,6,12256,456,572,10436,869,10529,2850,494,476,910,2008,735,682,1616,11790,254,1153,6,6,204,593,587,1570,844,6
meta_llama_llama_3.2_1b_instruct_one_shot,10847,10532,828,436,11698,501,11615,1183,11610,3,323,33,1394,10384,1351,11181,11811,11538,629,13572,454,445,11827,1012,12154,1059,515,1603,692,635,717,10383,1065,808,1363,411,3,2215,11395,466,371,10196,381,10844,11225,2056,1264,184,3,7931,1103,254,499,231,11311,119,13457,10681,1218,749,89,11464,11720,11235,741,647,499,10799,920,846,277,243,200,11918,209,3,61,2261,440,12115,12010,854,340,296,184,495,3,10474,762,185,133,192,466,3,103,744,213,11174,399,783
meta_llama_llama_3.2_1b_instruct_zero_shot,1268,324,537,951,10305,1784,10176,814,483,753,289,2077,1521,2578,1148,1450,1981,643,1441,11678,441,403,441,1425,596,324,489,1225,434,544,1120,9799,2879,494,811,974,435,1287,681,333,1914,10413,891,592,1180,631,518,354,1046,319,10127,525,9199,460,522,437,697,1285,449,1112,10462,679,471,678,918,894,964,1027,10485,1249,528,893,9934,1285,1391,829,396,505,728,916,10169,353,680,827,1138,985,2643,4122,315,10911,212,605,865,346,158,710,323,1013,929,611
meta_llama_llama_3.2_3b_instruct_one_shot,845,644,534,1344,9896,464,950,1940,1258,761,10673,1,858,615,719,9338,1741,650,599,865,1410,370,678,677,1799,436,496,523,1070,683,1380,4024,459,635,541,1275,443,1126,1459,223,1108,12775,495,1002,888,1841,970,526,11008,675,454,446,846,1847,328,1045,673,1732,10249,2559,266,693,556,567,1862,800,726,731,2894,415,196,829,1359,483,535,3251,451,475,773,6626,476,10547,1331,875,10477,10265,10376,773,463,871,253,422,501,340,195,358,496,605,475,813
meta_llama_llama_3.2_3b_instruct_zero_shot,1587,839,982,986,10246,721,725,1641,829,693,648,821,1035,10324,947,1283,10248,1427,11377,704,10607,353,1210,792,1287,1189,765,784,732,513,376,1560,836,967,560,12743,229,1689,1161,757,685,960,782,1313,600,1387,367,421,925,958,1004,704,745,823,634,1989,1157,745,1211,11243,401,488,701,729,2688,1685,1407,512,4113,1453,1028,725,1748,914,547,972,246,669,411,865,1016,711,648,406,1026,387,10863,575,955,1566,175,3096,507,384,255,765,794,436,1029,588
meta_llama_meta_llama_3_8b_instruct_one_shot,391,407,415,1395,619,759,926,1221,342,365,458,8751,397,4,425,449,727,796,724,10756,659,116,963,140,1499,274,299,443,4,8574,383,347,686,323,8499,10937,225,576,992,675,386,613,399,657,1175,8811,8513,228,934,4,4,1441,8705,8825,455,399,1035,415,238,455,10923,787,9288,406,650,1034,8758,8724,7924,263,223,975,670,10878,496,1174,88,264,629,188,768,232,8678,8772,244,256,9577,1182,619,330,143,923,462,278,10473,10922,365,8477,349,163
microsoft_phi_3.5_mini_instruct_one_shot,869,2237,450,1773,1450,666,942,1176,425,1862,323,823,502,1032,914,347,1495,845,3187,327,496,446,928,545,1339,2376,308,494,721,323,463,1500,3451,474,476,950,419,564,2221,344,1227,1173,628,587,771,397,585,437,3498,1786,1333,619,669,376,467,510,1067,781,1108,2068,331,454,358,654,602,1035,823,527,657,3284,401,385,725,668,302,894,254,307,540,1060,302,2371,422,1398,683,664,1842,515,527,2026,1607,555,276,529,362,435,585,442,309,394
microsoft_phi_3.5_mini_instruct_zero_shot,2317,716,658,881,641,545,2995,733,687,933,602,387,902,1608,718,2394,1234,1275,2805,582,1079,484,795,1125,2231,1387,889,560,1046,670,4098,4109,49,46,202,57,3895,14,4104,99,3238,4079,3795,27,4052,3955,1024,320,3776,28,3425,3552,85,92,86,678,4015,72,23,59,328,155,537,599,257,208,374,593,141,528,577,227,246,2088,128,461,660,3398,56,877,495,181,515,398,257,744,386,975,35,397,430,101,567,439,109,64,516,255,420,4094
microsoft_phi_4_mini_instruct_zero_shot,993,673,704,902,516,813,846,407,676,820,444,343,1237,666,1146,518,746,694,841,466,1111,341,521,364,1343,371,387,1332,831,352,545,141,337,794,417,641,584,705,1155,209,626,731,350,610,431,780,639,348,811,1,960,572,569,900,470,444,960,920,470,521,350,429,389,666,655,529,630,457,651,473,536,652,681,622,283,550,452,819,454,763,356,825,475,726,828,633,630,739,527,352,352,405,1414,526,198,434,516,747,583,723
microsoft_phi_4_reasoning_one_shot,2711,6962,208,6658,7729,5253,52,685,1990,788,10241,306,2521,10241,8480,4155,7370,2896,5955,6309,10239,10232,65,6173,3334,4051,1967,1,10241,8100,1829,7269,1644,2244,3768,2700,5563,2616,1,10241,10241,10240,10213,10241,10241,9706,602,10241,2919,8208,2882,3601,5844,1,5264,6001,8676,89,9283,808,389,2,249,826,171,905,4423,1304,3796,1427,1590,3086,1988,2249,2770,889,305,464,2245,10241,9909,732,548,10229,4555,840,662,1,4315,1866,442,1,6846,645,592,3884,2070,3732,1609,1679
microsoft_phi_4_reasoning_plus_one_shot,10225,10241,10241,10241,6114,10129,10214,127,2096,958,7828,3259,1716,10241,10241,1470,8898,10241,118,4296,10238,2770,5842,4253,3388,117,1,6974,1119,10241,1530,10241,2725,2852,82,2645,10241,2736,10241,10241,10241,1,10241,10241,9846,2787,99,119,5595,10241,5883,3842,10239,10241,10240,6339,10218,10241,188,10241,627,622,768,2287,4091,1182,3346,10075,2302,7879,3948,4367,2297,5653,3747,3765,822,392,5709,150,10240,987,643,10231,2021,2162,1342,3387,3224,2109,444,6881,6289,521,637,123,2670,3042,1482,1510
microsoft_phi_4_reasoning_plus_zero_shot,1340,6888,10241,10241,10240,5858,4433,513,2766,854,2764,1880,1288,10240,3286,2840,8486,10241,7534,3280,10240,9644,3454,5532,1649,6678,3492,9598,10241,10241,1578,5341,2359,2436,5527,1795,9256,10241,10240,10241,10241,10241,10108,6866,10241,1121,1555,9970,4473,279,6346,4628,711,6165,7556,10241,4402,10241,8103,7299,255,712,560,1452,3364,859,3773,7938,6498,856,2778,3096,10241,4558,1874,4797,551,1722,1632,1398,10241,1104,480,4153,4443,2239,1018,5167,4121,2248,530,9485,3979,274,812,2992,1365,2340,890,4599
microsoft_phi_4_reasoning_zero_shot,5050,7379,9530,5651,7318,2768,4816,1921,1249,1163,3141,1697,1758,122,5751,1536,979,10241,5278,3787,10240,2695,3376,5568,2030,7771,1748,8635,10241,6802,751,3772,1279,2105,3228,1489,1663,3283,10241,7251,1812,10241,6349,10240,5260,2113,1153,4365,1314,10241,1905,3515,10241,4544,8335,7182,4712,10241,7963,8926,528,923,714,2221,1,385,3691,3056,1754,959,2227,2589,3190,2136,1584,1484,452,497,1814,679,10196,60,672,1358,1978,991,1340,5372,1998,1692,10241,10241,3929,23,439,4165,1776,67,1235,1727
microsoft_phi_4_mini_instruct_one_shot,466,428,457,701,885,915,731,7,426,624,352,888,844,696,1311,666,1011,855,585,742,733,449,544,15,1248,1046,552,637,446,274,222,422,138,888,37,656,523,665,1488,592,730,1281,402,1911,453,232,455,229,880,598,2396,272,529,1,395,881,548,2794,467,897,364,967,487,473,784,643,1350,461,948,690,350,469,1036,799,584,289,381,751,460,728,263,418,685,644,1315,763,712,382,1027,790,192,394,18,587,277,452,643,404,372,651
microsoft_phi_4_one_shot,5820,1,8887,9874,1,9947,1,4377,7381,7143,7916,361,8743,9252,9951,1,933,1,6517,1,10239,77,1,6400,1,1,1939,9442,2713,1,1,9082,10237,1123,9088,1,7792,5655,1,8309,8068,9735,1,1,10238,4598,1,1,3,1,1,9100,8166,5126,9502,632,1172,8340,8229,1,4735,1,1,1,10238,1,7650,10238,5137,679,1362,1,1,1,893,9134,1,1631,1,1,4925,10237,1,9305,5196,1,719,1,8662,4857,5847,10240,3,1,6669,9146,4356,968,3355,1
mistralai_mistral_7b_instruct_v0.3_one_shot,495,10242,438,1425,771,10242,210,625,363,10242,539,1630,569,10242,1212,727,10242,733,10242,10242,10242,394,1278,528,10242,609,722,10242,1,371,3251,2098,845,10242,1260,624,966,892,10242,10242,837,10242,384,10242,10242,1294,10242,10242,757,614,1834,10242,10242,473,282,177,382,10240,10242,10242,154,556,302,585,264,140,10242,1487,328,10242,652,10242,10242,389,336,10242,10242,233,720,517,10242,377,10242,10242,10242,387,10242,436,10242,10242,272,506,10242,10242,260,10242,252,10242,437,1001
mistralai_mistral_7b_instruct_v0.3_zero_shot,10242,730,479,707,415,1214,896,284,521,613,858,487,167,726,1773,116,233,764,904,10242,10240,554,1014,791,893,1087,816,762,372,1377,416,1667,491,777,378,694,519,1816,10240,869,1013,1015,199,2759,894,617,2124,158,808,715,612,735,526,394,417,309,2152,560,577,874,243,290,830,313,439,566,548,917,135,266,527,730,10242,1073,1133,1219,333,406,520,1093,383,776,254,10240,588,418,1097,341,730,489,531,10242,1187,360,229,583,496,328,941,226
mistralai_mistral_small_instruct_2409_one_shot,351,498,542,677,10241,717,524,529,544,527,10241,376,667,517,257,885,10241,873,839,324,725,600,364,728,690,356,223,298,393,324,507,589,330,311,386,721,650,438,715,506,544,602,164,395,639,726,287,570,966,433,459,613,767,722,292,313,654,497,1603,425,236,201,215,317,501,740,556,512,317,441,496,408,524,1151,535,419,304,365,315,749,583,341,207,409,388,948,366,490,423,529,194,189,716,452,264,245,684,475,602,321
mistralai_mistral_small_instruct_2409_zero_shot,730,834,285,586,595,384,1035,1065,450,517,564,352,727,866,1246,902,717,724,10241,595,764,268,831,388,1206,303,533,283,428,421,497,1178,455,384,730,711,760,1111,1347,1186,305,1795,352,569,1278,647,587,278,647,395,551,365,452,1109,701,443,711,3378,578,747,185,576,309,732,619,969,1163,825,1198,356,496,915,827,632,467,819,258,316,661,926,355,563,430,534,510,396,612,699,383,10241,180,468,494,377,265,197,432,342,586,445
moonshotai_moonlight_16b_a3b_instruct_one_shot,9421,8439,9031,9832,7713,8310,9069,8493,8091,8876,8925,8526,8675,7751,8274,8421,9354,8346,8195,9670,7683,8307,7007,7622,10506,9294,7950,9656,8651,8938,8331,907,8162,9458,8151,8832,8317,8190,8898,8156,8484,9251,8540,8765,8421,9286,7602,9314,8558,7933,7782,7925,9771,9127,8363,9159,8822,8214,8992,8611,556,7011,7340,7860,7703,7773,7875,7860,7800,7677,7390,7737,7355,7882,7420,7547,7923,7800,7852,7843,7727,7700,7822,7747,7806,7793,7050,7901,7870,7105,7842,7538,7425,7783,7873,7518,7832,7814,7870,7774
moonshotai_moonlight_16b_a3b_instruct_zero_shot,13124,9073,8205,9958,8010,9693,9248,9161,9198,8618,8200,8287,9059,9021,8724,8724,8847,8081,9765,8809,420,8625,9337,8296,8466,6838,737,7512,7942,9618,8672,8829,8871,14753,7707,9241,8290,7567,1964,7736,8832,8247,9013,9255,8456,9455,8991,8441,9025,8799,8425,7977,8636,9944,8591,8771,9283,9205,9397,8298,7981,7473,7860,792,7947,8015,849,7948,7582,7929,7945,7784,7753,7915,612,7254,7997,8034,7976,7883,7980,7376,7919,7572,7934,7976,7645,7689,7692,7979,7986,7995,7744,7932,8014,7934,7772,7528,7996,8020
moonshotai_moonlight_16b_a3b_one_shot,260,863,778,358,7212,915,617,584,790,712,389,670,610,738,208,684,1400,732,1575,584,384,188,258,384,993,79,366,855,942,53,1200,1120,1200,476,338,648,877,589,1693,294,8074,1616,2296,822,695,390,329,571,1475,497,1457,911,321,860,715,650,299,1023,72,1439,323,919,7919,7748,979,376,1095,1165,1175,470,1188,632,202,73,366,94,669,441,676,744,776,597,335,997,1160,503,7817,252,567,255,273,23,7601,329,161,602,1323,272,875,140
moonshotai_moonlight_16b_a3b_zero_shot,513,9972,428,491,835,726,326,313,65,383,674,369,425,1098,10160,8387,505,1981,463,10274,380,627,402,669,456,259,180,314,9476,380,405,9072,505,954,190,10890,179,529,672,471,761,212,284,1018,185,10427,280,10048,607,834,492,639,394,984,11712,329,1080,1070,290,274,222,8032,2157,348,606,8033,278,71,128,356,363,292,374,391,52,7936,8026,171,196,883,832,313,7953,7955,7785,136,360,142,193,132,325,313,293,348,223,45,763,167,445,202
nvidia_acereason_nemotron_1.1_7b_one_shot,3833,9407,10241,10241,7554,10240,5034,6745,6267,2514,10240,4547,4124,10240,5763,6206,6548,10241,4917,6016,10241,10241,34,6970,2106,10240,5072,7070,10241,10240,4395,10185,4248,7593,9050,9810,10240,2511,5,10241,10241,10241,10240,10241,387,6509,1587,10241,6714,10241,7121,7092,5,9546,22,10240,10241,10241,10241,10241,902,799,618,3244,6431,5711,8725,6820,7105,2417,4012,10241,10241,10241,2458,5180,10241,2211,10241,1244,10241,693,1076,3690,2730,1886,2355,9753,5204,4442,2254,5678,5958,786,847,2538,5213,992,3630,9535
nvidia_acereason_nemotron_1.1_7b_zero_shot,2404,9980,10241,10241,5561,10241,10164,7271,5394,3196,10241,6920,3411,10241,10241,6654,10241,10241,10241,6630,10241,10241,10241,10183,2649,10241,4865,10241,10241,10241,3448,9929,5738,7829,10241,4112,10241,2544,10241,10240,10241,10241,10241,10241,10240,2949,2786,10241,5675,10241,7641,7969,10241,8227,10241,10241,10012,10241,10241,10241,912,1095,846,2963,4045,1944,8010,5361,7646,2429,3271,9285,5908,7058,3794,3715,2836,2816,10241,2140,10241,1556,1090,3672,4081,2865,2293,10241,5452,2994,1668,6870,5779,1226,1091,10241,6308,6677,5193,10158
nvidia_acereason_nemotron_14b_one_shot,2893,10242,10241,10240,1386,8485,10241,2488,6483,950,1014,4309,4003,10240,8669,5192,5303,10241,7255,8411,10241,10241,6348,1659,3505,9185,3231,6654,10241,10242,3008,10210,3924,8451,9856,2991,511,5970,1531,10240,10240,10240,10240,10241,10241,4095,1850,10241,3564,10241,5821,10241,10241,7804,10241,10241,10240,10241,7069,10242,938,2244,869,860,4873,5775,7687,3982,4463,2227,3369,7440,5098,4940,863,5448,2680,2093,10241,964,10240,2401,614,4370,2497,2202,2691,9523,9184,2793,1323,10240,1491,1564,302,727,6813,6032,4003,6899
nvidia_acereason_nemotron_14b_zero_shot,879,10082,10241,10241,10241,6050,5390,5896,5829,2660,6894,3969,2065,10241,8194,2497,10241,4164,5895,8941,10241,282,7238,4973,3192,10241,7529,5992,901,10241,5605,9638,4279,5656,7052,3746,9926,3695,8590,10241,1069,10241,10241,10241,10241,2068,3522,2657,3566,670,2185,10241,1159,8451,10241,10241,10160,10241,10241,10241,754,1608,883,3054,3548,4275,7209,876,5026,2216,1665,8025,3170,1471,6429,479,2465,2312,10241,1340,10241,1636,2207,3642,3278,1988,1672,10241,578,694,1452,10241,6683,1332,1000,5199,6098,6089,5763,9758
nvidia_llama_3.1_nemotron_8b_ultralong_4m_instruct_one_shot,1144,495,830,10221,211,953,613,979,874,610,505,450,731,721,494,844,510,706,894,482,1461,588,1040,906,907,10228,717,10240,591,10240,9910,464,511,10226,521,764,427,10218,908,624,875,9337,336,448,936,431,522,10228,685,1001,676,784,562,917,9773,10240,11,10241,552,408,407,499,350,10235,596,547,890,1688,491,535,772,10,799,481,10122,407,311,861,859,731,390,263,330,804,595,482,920,411,10239,829,351,498,913,666,240,565,363,752,10240,669
nvidia_llama_3.1_nemotron_8b_ultralong_4m_instruct_zero_shot,1383,595,543,561,10239,576,1249,879,760,974,10240,455,873,834,10240,818,810,814,1175,918,890,379,725,527,10130,441,637,10240,336,496,749,658,612,635,1303,665,594,10240,10240,1489,1516,616,663,890,437,942,10239,610,1259,803,777,1415,437,1124,218,676,944,912,719,825,455,857,434,828,816,993,853,643,536,720,462,689,1917,795,869,489,385,825,543,823,418,1616,786,1165,1389,528,959,1110,366,834,320,684,1298,523,317,337,334,569,986,437
nvidia_nvidia_nemotron_nano_12b_v2_one_shot,2317,10239,10240,319,1079,10239,8102,8763,999,541,7660,4059,998,214,10234,1356,455,1110,4498,3857,2270,10239,9479,618,5305,1030,762,10239,10240,10239,1217,858,1676,755,1363,542,10002,10239,1826,10239,843,1164,308,990,856,2325,973,10232,3861,513,1733,1081,1297,10239,332,10239,1616,856,1335,1823,556,850,417,466,1379,568,1124,1598,4965,596,772,1002,469,1117,1017,550,1298,535,571,948,1080,1719,730,4574,811,429,694,9920,724,2507,485,1166,6170,790,596,239,6154,6946,2256,1077
nvidia_nvidia_nemotron_nano_12b_v2_zero_shot,901,2257,285,1047,10239,1398,824,456,876,10239,10239,231,515,755,489,603,602,1603,888,501,10231,204,10239,252,781,283,354,6537,573,10239,326,588,10228,973,9997,914,378,504,699,10239,697,671,194,10239,784,504,429,225,666,680,587,466,10239,7227,10239,710,1157,660,834,404,114,945,258,354,953,406,1072,4742,498,1435,292,341,538,9115,566,260,1248,750,250,390,10239,703,327,1967,933,495,672,518,395,901,179,291,1686,273,155,158,563,4506,412,246
nvidia_nvidia_nemotron_nano_9b_v2_one_shot,1505,1805,423,834,1452,966,462,402,708,915,212,890,1089,677,617,734,292,1242,876,1157,551,399,823,423,786,10239,988,628,710,455,897,704,427,1072,271,723,593,1027,919,10239,1514,1221,253,663,1364,996,714,995,648,397,1141,565,481,1672,452,752,1035,1111,1071,524,279,1117,242,768,726,4366,822,1068,923,925,1045,10239,330,1786,601,524,610,626,748,1199,409,1389,958,1190,1433,624,1002,589,346,1597,329,829,2438,597,278,1335,2765,872,1058,797
nvidia_nvidia_nemotron_nano_9b_v2_zero_shot,629,1035,412,463,827,432,462,420,893,352,847,357,490,10239,615,574,1022,775,542,570,497,227,700,570,496,603,610,626,585,10239,744,442,790,606,367,542,493,541,511,546,757,374,241,694,10239,655,415,10239,645,481,10239,739,354,602,669,906,942,967,593,434,185,460,224,421,538,402,938,655,550,464,398,510,555,882,488,262,366,383,406,687,315,681,397,523,489,392,473,619,374,564,239,1084,1533,322,194,263,569,458,615,523
nvidia_nemotron_research_reasoning_qwen_1.5b_one_shot,2258,7305,4451,3061,8246,6079,4581,5824,4386,2397,5235,2195,2488,4217,5578,4840,6508,4575,4254,6052,6564,2893,5104,5820,3698,1713,6606,5501,5736,3319,2303,3217,4006,4408,4051,2658,472,2319,5803,2976,5774,4496,2404,4418,1852,3109,1877,4124,3186,3506,3991,5789,35,4617,3316,4381,5653,5169,4462,2526,920,853,3125,2060,3983,1390,4090,4840,3940,2283,3374,5459,2745,4426,4825,2205,2266,2280,5157,2725,6167,1522,2094,2271,4906,1839,2893,4575,4741,2626,1310,3902,6984,1390,1266,4135,5690,4104,2271,2731
nvidia_nemotron_research_reasoning_qwen_1.5b_zero_shot,1742,7950,3184,895,3608,4303,3236,4527,3497,2818,5843,1936,2733,4725,5118,4044,4533,4150,4026,6198,9238,3546,4333,4515,3679,3554,4224,6021,3266,2756,1400,2391,4031,3996,2987,2650,3251,2487,4097,2505,4097,2353,2225,1867,1293,4069,3483,1758,3253,2405,3153,4097,3867,3822,2648,3021,4013,4097,3489,1998,672,418,322,516,277,1689,2234,1101,675,2257,727,501,338,840,707,441,684,345,245,1603,816,1071,179,480,163,1612,217,452,775,485,770,1506,437,569,287,942,388,1658,834,316
nvidia_openreasoning_nemotron_1.5b_one_shot,4316,10237,6772,10241,10241,10241,10240,10241,10208,5067,10241,10241,10240,10104,10240,10241,10241,10241,145,51,10235,10241,10240,9442,10241,325,6053,81,10240,8164,10241,5525,6079,10150,10240,10241,10241,10241,10241,10241,10241,9496,10241,10241,233,10241,5423,10241,10239,10241,10241,9856,10241,10241,10244,10188,392,10241,10241,9772,172,10241,2195,10180,7267,7782,10241,10240,8393,10180,5695,9966,10241,10240,10241,10239,10168,10241,5494,2426,10241,10241,5335,4222,3868,10240,5041,9919,3764,8996,10241,10241,10239,3907,10241,10241,2724,8432,9691,10241
nvidia_openreasoning_nemotron_1.5b_zero_shot,10241,6520,44,10241,10241,881,10241,105,10241,5775,38,10241,7106,10241,9320,10241,10241,131,10241,10241,10241,5847,10241,10242,5849,201,10241,10241,10241,84,9019,10141,7211,8340,8858,8576,7648,8,10241,18,10241,10241,10240,10241,6500,6424,5786,10241,10241,10239,10238,10241,10240,187,2388,9,10241,10241,10241,10241,9816,10241,7833,10241,10221,10241,144,10241,10241,4506,10241,10241,10241,10241,10241,10241,5554,6697,3222,2429,10241,63,10241,5367,6511,219,10240,6719,3028,8689,8888,10241,10241,924,4273,9599,9725,10240,6886,10241
nvidia_openreasoning_nemotron_7b_one_shot,8663,93,10240,10240,10240,10242,10240,3607,4212,4649,6679,8842,4958,10240,9368,6876,10240,5965,10240,10240,1151,10240,104,10241,6568,10240,2552,8856,9368,5149,2222,9616,3115,7588,6797,4036,285,3791,10240,10242,10241,10240,10241,10240,10240,4424,2200,10241,4818,10024,9084,6167,10241,10240,6026,6322,10240,10240,10240,8780,1147,3945,10241,2423,6805,2856,10240,5295,10241,3269,9689,7894,10240,10240,10240,2398,2109,2191,9411,3318,10241,3775,3182,5072,7906,2550,4646,6974,10071,3439,4185,10241,9115,1739,3239,6407,2575,8728,2801,10240
nvidia_openreasoning_nemotron_7b_zero_shot,10241,10239,10239,10239,10239,10241,9137,9551,10239,2060,10239,6174,7394,10241,10240,7849,10241,10239,10241,10241,1784,10241,10241,8611,1279,10241,5522,10239,10241,10241,5097,8667,5622,6252,10240,3900,10241,7141,10241,10239,10241,10241,10241,10241,10241,4725,3690,10240,7171,10241,10241,8606,10241,10241,10239,10239,10241,10239,10241,10239,3561,6856,2081,6005,5848,10241,10241,6866,10241,816,10239,10241,10239,10241,5694,5680,2986,2226,10241,6267,10239,9741,4426,7466,10241,7069,10241,6439,10239,5592,4689,10239,486,1727,4477,10241,7303,9941,4837,10239
openai_gpt_oss_20b_one_shot,2438,10241,10241,3450,9326,10241,5346,820,2105,1070,5899,1788,1985,10241,8410,1499,4940,10241,3276,2927,7675,2330,10241,2435,1725,10241,1665,4929,10241,10241,801,3398,1623,1435,4813,1559,4367,1860,453,10241,6816,10241,10241,9846,3431,1714,1162,10241,2535,10239,4345,3278,4186,2388,3120,4410,4006,10241,10241,10241,400,658,416,1173,4269,1077,2156,2315,3575,730,2258,10241,1724,10241,1917,2150,531,1145,6127,960,6496,939,604,2303,1702,1352,1448,1641,2090,1717,684,6364,5019,454,342,10240,1480,1804,1063,1887
openai_gpt_oss_20b_zero_shot,1388,10241,6736,10241,5289,5485,9936,6661,1950,1317,4637,1406,1530,10241,2983,5634,5534,4349,10241,3198,9905,10241,1593,3286,1743,10241,1486,7977,10241,6351,746,3183,1707,3063,4908,1625,4602,1919,10241,4234,10241,10240,8969,10241,10241,1748,1567,7824,2901,8729,4929,5918,4679,736,2324,3695,3568,10241,8296,10239,602,563,533,805,2825,899,4044,1965,1570,226,4382,4814,2728,8304,2115,1955,628,832,2871,841,4659,1138,579,1233,2466,1124,2694,3336,5974,1458,600,10241,5593,701,387,10241,1350,2011,1158,1254
openbmb_minicpm4.1_8b_one_shot,10114,10070,262,10045,10240,10240,10185,1151,10241,9906,1950,308,963,10205,10099,1072,9904,10239,9999,9738,10241,284,10241,10208,596,1222,10234,205,9634,2071,1488,10167,986,10118,10044,10107,10127,5217,10137,9953,9513,832,915,1240,9818,1116,1975,10055,10236,9635,10241,1205,8991,10241,9651,10241,10241,1562,10132,3643,976,10096,10009,697,10017,10192,10077,10181,9805,10158,1504,992,10241,10239,9830,1030,10234,631,10056,1262,245,950,215,573,10197,10206,10170,562,1554,10170,1265,10241,909,10007,234,176,390,10228,585,10227
openbmb_minicpm4.1_8b_zero_shot,10240,913,1134,1394,10238,10242,4621,10239,10223,1453,10239,774,10239,10153,10238,1900,10242,36,504,9708,10239,650,10242,10238,10242,740,10239,10239,10242,9509,602,788,10239,737,1898,1758,10239,1122,2019,2217,10239,10076,1068,10241,10239,957,10231,10236,1460,10240,9324,10101,617,2796,692,10016,10230,10242,10242,9975,10192,9913,1015,781,675,10239,3323,10239,9051,619,1183,889,10183,2118,2398,10242,9958,763,10239,1563,10239,10239,10193,391,9608,10240,1731,1375,497,1238,10033,983,1530,998,246,534,1529,10240,1591,310
swiss_ai_apertus_8b_instruct_2509_one_shot,10231,10207,10214,10176,9906,10205,10228,1899,1511,1018,10239,9889,10132,10216,492,310,10213,10222,925,10236,10239,10200,9968,10225,10231,10214,9933,346,10204,10161,9827,10023,10143,10218,10238,1348,10239,10158,10237,10233,10235,833,319,10210,10231,10239,10224,10234,9975,10209,10218,10179,9985,765,10231,10193,10239,10372,1231,10210,10236,10204,10220,10126,2543,886,10239,10149,10233,10187,10219,9776,10060,10206,10221,794,629,242,10160,10220,611,10239,841,10220,10213,10218,10219,2133,10236,10201,10236,10172,10226,10222,10093,10235,272,10205,10207,1091
swiss_ai_apertus_8b_instruct_2509_zero_shot,927,10202,484,10142,813,854,10231,10228,672,10040,10200,10185,10125,599,499,10228,10233,10206,10215,704,10229,10190,585,10158,10141,855,682,721,10231,10164,10041,874,476,935,10239,582,10226,794,9923,10002,10239,875,612,770,450,10015,10220,492,10220,10013,794,9877,487,10222,10190,10184,947,1315,9988,453,10222,9980,10194,543,10217,368,10155,652,10213,773,555,10234,1067,760,3429,382,10141,577,1432,10229,455,504,10223,10127,10144,10239,1296,704,10093,10209,304,391,10212,10185,271,10206,617,10039,426,434
zai_org_glm_4_32b_0414_one_shot,1402,1221,2214,2741,1043,2409,2577,1770,1417,1031,4079,1191,900,2778,3014,2448,2913,1513,10237,2936,2582,1393,3247,1214,1172,1547,547,2286,3216,2123,1152,4104,972,1434,3350,937,683,1688,2983,1609,10228,4611,2581,4879,1235,1150,1014,10235,1151,10230,3906,840,1480,2633,2261,1853,1658,10231,3468,2033,234,1000,324,663,2998,685,10235,10208,3063,719,1036,1780,2048,10232,1290,349,508,461,2150,744,2680,1029,778,812,844,578,1526,1311,1220,599,300,1653,3163,675,10227,925,2053,2029,818,10139
zai_org_glm_4_32b_0414_zero_shot,765,2751,1416,1681,2405,2507,3042,420,467,519,2461,755,738,2847,1168,920,3553,2829,4320,1309,787,10194,1227,1406,1480,860,2870,10240,4352,9872,591,10234,938,1105,1522,1506,713,2325,10239,1168,4777,1771,391,10234,1676,850,475,391,1507,10231,882,1005,2640,1123,10011,1401,2865,10234,3787,1264,241,921,301,819,975,741,774,889,1729,654,1422,787,407,3233,809,759,426,307,584,1056,3975,1155,741,1196,1448,1881,840,821,822,645,10004,10240,2475,10118,148,10233,835,804,829,756
